din_instante,vento_10m_ms,vento_100m_ms,ssrd_wm2,hora
2024-01-01 00:00:00,3.0043742752334723,4.220179809798994,1.644598388671875,0
2024-01-01 01:00:00,2.969936680070268,4.194745169535478,8.324248095353445e-05,1
2024-01-01 02:00:00,2.91986790578686,4.1408985353013845,0.0,2
2024-01-01 03:00:00,2.856994552462746,4.071086474205254,0.0,3
2024-01-01 04:00:00,2.7876032943397115,3.987264458916837,0.0,4
2024-01-01 05:00:00,2.7331521962733065,3.9090944502924643,0.0,5
2024-01-01 06:00:00,2.7058908634187597,3.8581305189426147,0.0,6
2024-01-01 07:00:00,2.6885927650329595,3.8205402108934297,0.0010613415638605754,7
2024-01-01 08:00:00,2.6773788419249986,3.788824009075592,1.824609646267361,8
2024-01-01 09:00:00,2.688119642131126,3.764015322929001,23.842608506944444,9
2024-01-01 10:00:00,2.8136176700998607,3.8025412539975183,92.75041666666667,10
2024-01-01 11:00:00,2.8673574527647605,3.6741553013714388,210.89864583333335,11
2024-01-01 12:00:00,2.9069935527388413,3.585511901525955,372.6423263888889,12
2024-01-01 13:00:00,2.9222839730014045,3.5125081993280842,530.1359027777778,13
2024-01-01 14:00:00,2.9222757486488025,3.483337880091905,653.3175694444444,14
2024-01-01 15:00:00,2.9218078835856067,3.480206541817723,731.3047916666667,15
2024-01-01 16:00:00,2.9345056419481095,3.497643612688418,745.7043055555556,16
2024-01-01 17:00:00,2.955014536087788,3.533985455248574,715.3528472222222,17
2024-01-01 18:00:00,2.9907614663030953,3.595735118950833,630.4524305555556,18
2024-01-01 19:00:00,3.044197342572269,3.6896197990111235,500.1678125,19
2024-01-01 20:00:00,3.0931240718154314,3.8009114495371894,347.55916666666667,20
2024-01-01 21:00:00,3.0793076502861467,3.9136335726541636,200.7279340277778,21
2024-01-01 22:00:00,3.0149277254554754,4.022060503812866,85.11606770833333,22
2024-01-01 23:00:00,3.041420078113036,4.173090287602768,22.29001953125,23
2024-01-02 00:00:00,3.084484786940571,4.283678790560174,1.5048373752170139,0
2024-01-02 01:00:00,3.0937315868219546,4.3191641986871065,7.650963134235805e-05,1
2024-01-02 02:00:00,3.0938349828587803,4.34142180907525,0.0,2
2024-01-02 03:00:00,3.050841210331026,4.295019298095559,0.0,3
2024-01-02 04:00:00,3.0182964180824654,4.246272190307639,0.0,4
2024-01-02 05:00:00,2.9898826244353165,4.194660541888044,0.0,5
2024-01-02 06:00:00,2.9782137631671515,4.155664211599639,0.0,6
2024-01-02 07:00:00,2.968020399615591,4.114098644848462,0.0008562957578235203,7
2024-01-02 08:00:00,2.9752122740521383,4.098776371978342,1.8073760308159723,8
2024-01-02 09:00:00,3.0045771154555827,4.101841012383824,23.748157552083335,9
2024-01-02 10:00:00,3.076317769548016,4.112071399054769,90.03307291666667,10
2024-01-02 11:00:00,3.1301050977214038,4.006757299978193,203.88770833333334,11
2024-01-02 12:00:00,3.1907225494384264,3.9219468737925336,353.97215277777775,12
2024-01-02 13:00:00,3.245010365913488,3.8999514536303814,501.1190625,13
2024-01-02 14:00:00,3.2853793348770215,3.9225240938870622,626.6024305555555,14
2024-01-02 15:00:00,3.3316221766406975,3.9753103895525235,698.3834027777777,15
2024-01-02 16:00:00,3.349348351878614,4.001322794792129,721.3688888888889,16
2024-01-02 17:00:00,3.359072198509556,4.018585645930501,691.5859027777777,17
2024-01-02 18:00:00,3.3735904657425753,4.047839985808651,610.8039583333333,18
2024-01-02 19:00:00,3.409043908944434,4.130237954642969,485.1990625,19
2024-01-02 20:00:00,3.436726470676802,4.224949672528963,341.59809027777777,20
2024-01-02 21:00:00,3.4038037000520402,4.321524291560862,197.03845486111112,21
2024-01-02 22:00:00,3.359261238712902,4.525347455738956,84.33419270833333,22
2024-01-02 23:00:00,3.3622274111083494,4.649116207813552,22.254622395833334,23
2024-01-03 00:00:00,3.3844650644921073,4.729718137257968,1.4952735731336806,0
2024-01-03 01:00:00,3.372326038680527,4.736169002975154,0.00012425164381663005,1
2024-01-03 02:00:00,3.339077856717198,4.710469028468181,0.0,2
2024-01-03 03:00:00,3.279681500205727,4.636484318183655,0.0,3
2024-01-03 04:00:00,3.2209224386332354,4.552657975645753,0.0,4
2024-01-03 05:00:00,3.1720740332230033,4.475741642407701,0.0,5
2024-01-03 06:00:00,3.160074187282968,4.434705133994068,0.0,6
2024-01-03 07:00:00,3.1639502893001,4.425825095016113,0.0006726726558473375,7
2024-01-03 08:00:00,3.188920752619941,4.44704696664346,1.765930447048611,8
2024-01-03 09:00:00,3.2385163303621485,4.484300612857447,24.053070746527776,9
2024-01-03 10:00:00,3.4242368548521362,4.620441999225754,90.4017361111111,10
2024-01-03 11:00:00,3.498296638954592,4.5415265972198835,209.92506944444443,11
2024-01-03 12:00:00,3.562723371989565,4.477717378392552,361.18145833333335,12
2024-01-03 13:00:00,3.6346915633805845,4.445910890485227,510.4276736111111,13
2024-01-03 14:00:00,3.712851096874527,4.50533797290124,630.1118055555555,14
2024-01-03 15:00:00,3.786142116341111,4.588069454524203,696.7663888888889,15
2024-01-03 16:00:00,3.8290573807559194,4.6404265469364,717.245625,16
2024-01-03 17:00:00,3.8614580421804945,4.68800255788185,685.9863194444445,17
2024-01-03 18:00:00,3.8995519044270925,4.752596565798299,614.3888194444445,18
2024-01-03 19:00:00,3.9424022327749424,4.837881225192736,489.885625,19
2024-01-03 20:00:00,3.9594981361225456,4.922436145572292,339.1254166666667,20
2024-01-03 21:00:00,3.8794537093508707,4.979567486903089,197.67213541666666,21
2024-01-03 22:00:00,3.8326266886530505,5.18279658600297,86.40763020833333,22
2024-01-03 23:00:00,3.843620370967723,5.329797640796868,22.154600694444444,23
2024-01-04 00:00:00,3.86982716150888,5.407812800771237,1.6005546061197917,0
2024-01-04 01:00:00,3.8624746713801765,5.419351705434831,0.00013282072212960984,1
2024-01-04 02:00:00,3.8222314591141098,5.368149205645265,0.0,2
2024-01-04 03:00:00,3.7618741840725716,5.279274875160951,0.0,3
2024-01-04 04:00:00,3.7017966429273135,5.18686916900745,0.0,4
2024-01-04 05:00:00,3.6661914052059275,5.116621606387542,0.0,5
2024-01-04 06:00:00,3.6553216277804244,5.078270189430579,0.0,6
2024-01-04 07:00:00,3.663346371702457,5.063403446390621,0.0004406954844792684,7
2024-01-04 08:00:00,3.680444832056704,5.067419379356356,1.2244075520833333,8
2024-01-04 09:00:00,3.7135205690878594,5.077815200551377,20.10243923611111,9
2024-01-04 10:00:00,3.9050465579435647,5.2050684376218515,83.82517361111111,10
2024-01-04 11:00:00,4.020057875409696,5.171525476226627,201.10847222222222,11
2024-01-04 12:00:00,4.073856286410772,5.1161055899883365,353.7351736111111,12
2024-01-04 13:00:00,4.091158787533932,5.032533059677341,502.4664583333333,13
2024-01-04 14:00:00,4.116271873217457,5.012562411994077,623.6897222222223,14
2024-01-04 15:00:00,4.132717741475459,5.020772704770603,696.8043055555555,15
2024-01-04 16:00:00,4.159834945928603,5.04897235081758,718.1731944444444,16
2024-01-04 17:00:00,4.185704919710235,5.083811222555157,690.3808333333334,17
2024-01-04 18:00:00,4.216478116638163,5.126275651973365,611.2665277777778,18
2024-01-04 19:00:00,4.255972566357764,5.205963558322715,485.7792708333333,19
2024-01-04 20:00:00,4.259901775207538,5.273828701310231,344.3980902777778,20
2024-01-04 21:00:00,4.180494521607182,5.325681713572661,195.33661458333333,21
2024-01-04 22:00:00,4.0911569852501914,5.443283309429317,85.82297743055555,22
2024-01-04 23:00:00,4.083602040389046,5.552333129396979,22.355106336805555,23
2024-01-05 00:00:00,4.099391681828694,5.625001429280877,1.649662136501736,0
2024-01-05 01:00:00,4.092593897854403,5.6404180293926744,0.00013771733476055994,1
2024-01-05 02:00:00,4.053591241451618,5.604035021104736,0.0,2
2024-01-05 03:00:00,4.005928314242082,5.542291452248444,0.0,3
2024-01-05 04:00:00,3.9557977218865172,5.4718623547240215,0.0,4
2024-01-05 05:00:00,3.9345608871418944,5.433974468135421,0.0,5
2024-01-05 06:00:00,3.9238728633764697,5.405337896144925,0.0,6
2024-01-05 07:00:00,3.927607544771941,5.392640650123412,0.0002032095856136746,7
2024-01-05 08:00:00,3.933900832049305,5.3809962451954485,0.9500562201605903,8
2024-01-05 09:00:00,3.9512674608427205,5.373640415928917,18.047991536458333,9
2024-01-05 10:00:00,4.10496074135328,5.419709815916112,82.29743923611112,10
2024-01-05 11:00:00,4.16083545654375,5.320436718152902,200.3670138888889,11
2024-01-05 12:00:00,4.146610706992679,5.171362889798973,356.21680555555554,12
2024-01-05 13:00:00,4.13062000376071,5.045780931907761,503.2761111111111,13
2024-01-05 14:00:00,4.112606430878743,4.972566393837752,621.4802777777778,14
2024-01-05 15:00:00,4.117597180767084,4.967006420056201,690.9127083333333,15
2024-01-05 16:00:00,4.1195682375604346,4.968150000560252,725.2995833333333,16
2024-01-05 17:00:00,4.122431247505091,4.978803068991268,691.8461111111111,17
2024-01-05 18:00:00,4.123305741463943,4.98754098869337,616.0781944444444,18
2024-01-05 19:00:00,4.130214135376915,5.019800449785138,493.0120138888889,19
2024-01-05 20:00:00,4.115572587827919,5.051902437884745,350.600625,20
2024-01-05 21:00:00,4.051021656929815,5.108052513170898,204.95652777777778,21
2024-01-05 22:00:00,3.947637064905744,5.226475191764124,91.556484375,22
2024-01-05 23:00:00,4.0097983846555225,5.43427382037526,24.102521701388888,23
2024-01-06 00:00:00,4.068016492163363,5.579884945651928,1.699825439453125,0
2024-01-06 01:00:00,4.093279338067333,5.65596469662689,0.00010833763413959079,1
2024-01-06 02:00:00,4.079388521534315,5.668035973580554,0.0,2
2024-01-06 03:00:00,4.045703922269858,5.6353019316397,0.0,3
2024-01-06 04:00:00,3.998077377616535,5.57211153249839,0.0,4
2024-01-06 05:00:00,3.961992236836656,5.52163281653232,0.0,5
2024-01-06 06:00:00,3.934622929094788,5.474788708641301,0.0,6
2024-01-06 07:00:00,3.91823752869769,5.436862892687032,7.5897549589475e-05,7
2024-01-06 08:00:00,3.9003612615820034,5.396072180023231,0.6993898518880208,8
2024-01-06 09:00:00,3.891146802513283,5.3561729870571835,17.49200412326389,9
2024-01-06 10:00:00,3.987373276682244,5.341243373488917,81.51670138888889,10
2024-01-06 11:00:00,3.999678996866417,5.141608727568706,205.24324652777779,11
2024-01-06 12:00:00,3.9774832178037123,4.974317317556304,368.5892361111111,12
2024-01-06 13:00:00,3.9601056280042832,4.852976696411395,528.0622569444445,13
2024-01-06 14:00:00,3.962915167754844,4.817530946154506,660.1263888888889,14
2024-01-06 15:00:00,3.9729067529848696,4.820947665326652,740.8522916666667,15
2024-01-06 16:00:00,3.970401282408478,4.815412787989032,769.920625,16
2024-01-06 17:00:00,3.9598958372657864,4.807334730019016,738.2684722222223,17
2024-01-06 18:00:00,3.947639832987299,4.799475486887746,656.1825,18
2024-01-06 19:00:00,3.9434803937975955,4.815000937953526,532.8636458333333,19
2024-01-06 20:00:00,3.916281124425916,4.8274237158742785,376.34302083333336,20
2024-01-06 21:00:00,3.8073731375299573,4.8280132017847786,218.26855902777777,21
2024-01-06 22:00:00,3.6401417012496413,4.8129604421299375,97.26928819444444,22
2024-01-06 23:00:00,3.647684335494364,4.953478586745821,24.971751302083334,23
2024-01-07 00:00:00,3.6419664204315203,5.033861817651051,1.7524077690972222,0
2024-01-07 01:00:00,3.6268738410017574,5.07958153538186,0.00014995887875556945,1
2024-01-07 02:00:00,3.5914331460015796,5.0851006233174,0.0,2
2024-01-07 03:00:00,3.53927283124008,5.043631192177051,0.0,3
2024-01-07 04:00:00,3.4870685466452676,4.981465321821373,0.0,4
2024-01-07 05:00:00,3.4543597208038386,4.926890945115489,0.0,5
2024-01-07 06:00:00,3.429352261187979,4.882654942132595,0.0,6
2024-01-07 07:00:00,3.4118097281226256,4.853379600391415,4.162124047676722e-05,7
2024-01-07 08:00:00,3.397349888103622,4.823416371898256,0.9878868272569444,8
2024-01-07 09:00:00,3.394457786135031,4.794121047077534,20.515451388888888,9
2024-01-07 10:00:00,3.4740881430385944,4.803277224642399,90.61909722222222,10
2024-01-07 11:00:00,3.5087558588615297,4.633661807116867,217.89144097222223,11
2024-01-07 12:00:00,3.566756472776689,4.5531305755945874,383.03236111111113,12
2024-01-07 13:00:00,3.5999364673468004,4.478288008460197,550.8642013888889,13
2024-01-07 14:00:00,3.6303859672969376,4.4652981864710215,685.8597916666666,14
2024-01-07 15:00:00,3.6355524321133776,4.458056327830728,770.485,15
2024-01-07 16:00:00,3.630117861655597,4.449503131420889,781.0275694444445,16
2024-01-07 17:00:00,3.6079917061171445,4.4238528960758865,751.864375,17
2024-01-07 18:00:00,3.5803919183524684,4.395202533185354,666.8038194444445,18
2024-01-07 19:00:00,3.568653389318813,4.399746976080281,545.4418055555556,19
2024-01-07 20:00:00,3.549268368098681,4.422077655221478,388.53739583333333,20
2024-01-07 21:00:00,3.4406371813496945,4.428188851952321,224.96199652777779,21
2024-01-07 22:00:00,3.389826152333745,4.620180758522667,99.87363715277777,22
2024-01-07 23:00:00,3.4221436181439007,4.785178283395445,26.368500434027776,23
2024-01-08 00:00:00,3.4562722617151254,4.898958864266792,1.8681423611111112,0
2024-01-08 01:00:00,3.461394841262316,4.946348449761871,0.00015730379356278313,1
2024-01-08 02:00:00,3.4444122935899686,4.946524867219899,0.0,2
2024-01-08 03:00:00,3.4163410524389617,4.922759188341353,0.0,3
2024-01-08 04:00:00,3.3780207378236744,4.877822490649917,0.0,4
2024-01-08 05:00:00,3.3392339454874613,4.824084138621456,0.0,5
2024-01-08 06:00:00,3.303586486403451,4.7655632900862654,0.0,6
2024-01-08 07:00:00,3.2816632939781583,4.719942198135086,4.8966163562403786e-05,7
2024-01-08 08:00:00,3.2709495852197286,4.684897373709176,0.9758307562934028,8
2024-01-08 09:00:00,3.2802146892822397,4.663420457308573,20.383639322916668,9
2024-01-08 10:00:00,3.4146715850859017,4.712273753957473,88.78243923611112,10
2024-01-08 11:00:00,3.4836345316245776,4.61174979974758,218.94256944444444,11
2024-01-08 12:00:00,3.5626752882251544,4.5387503997337655,390.09208333333333,12
2024-01-08 13:00:00,3.6363542605057075,4.525081398707389,564.7278472222222,13
2024-01-08 14:00:00,3.7008884533639135,4.569113482803482,696.0011111111111,14
2024-01-08 15:00:00,3.719233628264902,4.5799238713133015,786.1969444444444,15
2024-01-08 16:00:00,3.6772321133493246,4.518985209608232,811.1440972222222,16
2024-01-08 17:00:00,3.606037144472601,4.433600950273307,772.5575,17
2024-01-08 18:00:00,3.5502027453647766,4.370450751692059,670.8097916666667,18
2024-01-08 19:00:00,3.5057582127210964,4.333339284965929,537.7612152777778,19
2024-01-08 20:00:00,3.4687179018490073,4.335403288748102,377.6642708333333,20
2024-01-08 21:00:00,3.385161253578934,4.36626050104782,216.86815972222223,21
2024-01-08 22:00:00,3.4114140001565154,4.649532446196269,94.488828125,22
2024-01-08 23:00:00,3.41835058138512,4.803038387233062,25.36798828125,23
2024-01-09 00:00:00,3.4513322712280132,4.9158951842191465,1.8102967664930556,0
2024-01-09 01:00:00,3.46793168879827,4.975049918945351,0.00015485549966494242,1
2024-01-09 02:00:00,3.460354111768031,4.9884329200960735,0.0,2
2024-01-09 03:00:00,3.4223760553473803,4.942099339433339,0.0,3
2024-01-09 04:00:00,3.378202639368647,4.868242441530001,0.0,4
2024-01-09 05:00:00,3.3281612496859188,4.787298088073551,0.0,5
2024-01-09 06:00:00,3.288791622570056,4.719472014298681,0.0,6
2024-01-09 07:00:00,3.272214695734579,4.680233018791308,3.733670132027732e-05,7
2024-01-09 08:00:00,3.2529110750656103,4.639781695984756,1.1577486165364583,8
2024-01-09 09:00:00,3.264057566095783,4.6235291054233825,21.324051649305556,9
2024-01-09 10:00:00,3.3599609188819715,4.634773029169021,92.93012152777777,10
2024-01-09 11:00:00,3.4210559930238365,4.490205732824127,228.73105902777777,11
2024-01-09 12:00:00,3.479476818195821,4.406168193995362,402.18871527777776,12
2024-01-09 13:00:00,3.534589383199138,4.376191280090506,569.8869791666667,13
2024-01-09 14:00:00,3.5656807282953813,4.3742056404247895,705.9840972222222,14
2024-01-09 15:00:00,3.580440782043104,4.376685983129219,784.2690972222222,15
2024-01-09 16:00:00,3.5877173926851205,4.377496000935043,809.6502777777778,16
2024-01-09 17:00:00,3.5935335633010097,4.39007609330355,770.6176388888889,17
2024-01-09 18:00:00,3.5880790313083075,4.395839431191317,681.3146527777777,18
2024-01-09 19:00:00,3.5894691737418696,4.420886112479375,548.0492708333334,19
2024-01-09 20:00:00,3.566571331983041,4.453687928261339,384.3018402777778,20
2024-01-09 21:00:00,3.4690812999693335,4.488926028045122,219.41602430555557,21
2024-01-09 22:00:00,3.469520903964542,4.735985162959204,94.84764756944445,22
2024-01-09 23:00:00,3.4833916863593495,4.89955134258663,24.909871961805557,23
2024-01-10 00:00:00,3.5417591692392327,5.046808510408229,1.7945738389756944,0
2024-01-10 01:00:00,3.5696094485985723,5.104116504411729,0.00016342457797792224,1
2024-01-10 02:00:00,3.556766932811065,5.090113944996905,0.0,2
2024-01-10 03:00:00,3.5054467881416667,5.007822776738807,0.0,3
2024-01-10 04:00:00,3.4478532431603757,4.914630332813593,0.0,4
2024-01-10 05:00:00,3.3963428908365882,4.83076243010714,0.0,5
2024-01-10 06:00:00,3.345238597124951,4.74112195141596,0.0,6
2024-01-10 07:00:00,3.3089236160735576,4.677922769523893,2.6931390166282654e-05,7
2024-01-10 08:00:00,3.2796914558185093,4.6286927707346175,1.21765625,8
2024-01-10 09:00:00,3.2727170297941064,4.599483630730355,22.26346137152778,9
2024-01-10 10:00:00,3.3687732387054976,4.612959869276603,94.69341145833333,10
2024-01-10 11:00:00,3.471054666726186,4.540038012840299,223.31758680555555,11
2024-01-10 12:00:00,3.6159006603913872,4.5972750605612,388.98131944444447,12
2024-01-10 13:00:00,3.7170212254966812,4.638672376463979,549.9465972222222,13
2024-01-10 14:00:00,3.7892354072539893,4.687593638925999,670.5441666666667,14
2024-01-10 15:00:00,3.8238630832351537,4.717979794190864,745.9991666666666,15
2024-01-10 16:00:00,3.8200275560872696,4.7113476361494895,774.1907638888889,16
2024-01-10 17:00:00,3.796717513918956,4.680682820509828,742.18625,17
2024-01-10 18:00:00,3.7609647501087933,4.644224198963447,660.7297916666666,18
2024-01-10 19:00:00,3.742258552930037,4.646089022599998,522.9546875,19
2024-01-10 20:00:00,3.706312292593299,4.655893656421182,363.6557638888889,20
2024-01-10 21:00:00,3.6119893090162054,4.6712772206374735,204.35361111111112,21
2024-01-10 22:00:00,3.5254252952285268,4.7740223727858915,87.56856770833333,22
2024-01-10 23:00:00,3.5124050029739786,4.8845209016053035,23.456167534722223,23
2024-01-11 00:00:00,3.5276862640775377,4.969941644359571,1.7927430555555555,0
2024-01-11 01:00:00,3.520498836245031,4.9961341244467885,0.00016036419404877555,1
2024-01-11 02:00:00,3.486351954032047,4.965180401348527,0.0,2
2024-01-11 03:00:00,3.4319405402885628,4.894892511627051,0.0,3
2024-01-11 04:00:00,3.3786657661927473,4.82050270194568,0.0,4
2024-01-11 05:00:00,3.341515112986843,4.770050123829652,0.0,5
2024-01-11 06:00:00,3.2985938227265166,4.704123263708867,0.0,6
2024-01-11 07:00:00,3.2773497564073333,4.663408142802303,9.793232505520185e-06,7
2024-01-11 08:00:00,3.259910584039366,4.632773246066977,1.3053681098090277,8
2024-01-11 09:00:00,3.274597654637251,4.628485172916458,22.37666015625,9
2024-01-11 10:00:00,3.446368453613274,4.7288991153140865,90.45519097222223,10
2024-01-11 11:00:00,3.5648896477315173,4.7078850065945845,211.51899305555557,11
2024-01-11 12:00:00,3.675983795300818,4.705527549028554,365.7943055555556,12
2024-01-11 13:00:00,3.748856263434053,4.698234339855599,521.0873263888889,13
2024-01-11 14:00:00,3.784571056307461,4.6890907398935155,641.4623611111111,14
2024-01-11 15:00:00,3.7909550959593132,4.67307716216763,727.2513888888889,15
2024-01-11 16:00:00,3.776022898784626,4.64488454536364,727.6055555555556,16
2024-01-11 17:00:00,3.772869617640408,4.639913209586091,697.7736111111111,17
2024-01-11 18:00:00,3.7796179327919206,4.657618864759294,622.57625,18
2024-01-11 19:00:00,3.8019500572153557,4.71654916433669,493.2912152777778,19
2024-01-11 20:00:00,3.8020915705698477,4.77203047441209,350.23256944444444,20
2024-01-11 21:00:00,3.7158457289757396,4.791423583001086,195.40743055555555,21
2024-01-11 22:00:00,3.603794119470188,4.838830282416184,84.29326388888889,22
2024-01-11 23:00:00,3.546832274336046,4.855035544672631,23.459383680555554,23
2024-01-12 00:00:00,3.5232613051345645,4.8618304478839045,1.7543971082899306,0
2024-01-12 01:00:00,3.489885323813053,4.833816842046377,0.00015057095223002963,1
2024-01-12 02:00:00,3.4396926157888306,4.790144807931212,0.0,2
2024-01-12 03:00:00,3.3793253670516705,4.723451671066413,0.0,3
2024-01-12 04:00:00,3.310737966627734,4.632217214200631,0.0,4
2024-01-12 05:00:00,3.2459649425671233,4.52808956663558,0.0,5
2024-01-12 06:00:00,3.203768098287223,4.450446548013024,0.0,6
2024-01-12 07:00:00,3.177651715780917,4.397757531121501,4.284539415190617e-06,7
2024-01-12 08:00:00,3.1700627720975914,4.373616557646798,1.0148531087239583,8
2024-01-12 09:00:00,3.1738163956350802,4.3547486575221885,20.62302517361111,9
2024-01-12 10:00:00,3.2275209154173146,4.301578865682327,87.46425347222223,10
2024-01-12 11:00:00,3.2847416020681393,4.1990461562120975,208.26697916666666,11
2024-01-12 12:00:00,3.31464654174923,4.094667262925455,370.28246527777776,12
2024-01-12 13:00:00,3.3593961085375046,4.063908304750467,521.4879166666667,13
2024-01-12 14:00:00,3.381771785040972,4.0619997187897665,647.0765972222222,14
2024-01-12 15:00:00,3.3965789712809564,4.067078873582733,728.1171527777777,15
2024-01-12 16:00:00,3.4080882532845265,4.080162411140562,754.1772916666666,16
2024-01-12 17:00:00,3.4410797776432336,4.122565245103745,712.0885416666666,17
2024-01-12 18:00:00,3.4950589039865205,4.200797612670994,627.9770138888889,18
2024-01-12 19:00:00,3.5430141696656845,4.285996493393432,512.1445486111111,19
2024-01-12 20:00:00,3.5722593865414725,4.374292968292856,356.3747222222222,20
2024-01-12 21:00:00,3.5430140502399134,4.46836229797299,205.59177083333333,21
2024-01-12 22:00:00,3.544537302273801,4.674018412726119,89.20046875,22
2024-01-12 23:00:00,3.547573960292566,4.808261315973769,24.236414930555554,23
2024-01-13 00:00:00,3.570848762023729,4.874423923251775,1.6846202256944445,0
2024-01-13 01:00:00,3.574416842618815,4.89266212451075,0.00012363956206374699,1
2024-01-13 02:00:00,3.5518094539399794,4.883204233383743,0.0,2
2024-01-13 03:00:00,3.5194012581109377,4.847818572105625,0.0,3
2024-01-13 04:00:00,3.4853429231043154,4.803511097307763,0.0,4
2024-01-13 05:00:00,3.4640766205630116,4.7711700249674935,0.0,5
2024-01-13 06:00:00,3.456544086674809,4.7489303619809995,0.0,6
2024-01-13 07:00:00,3.45588556393105,4.7399125999696885,0.0,7
2024-01-13 08:00:00,3.4599882313865016,4.733806609776509,0.8455036756727431,8
2024-01-13 09:00:00,3.4727955301795053,4.726902934116276,18.608151041666666,9
2024-01-13 10:00:00,3.5984195613877232,4.814645607849268,81.819765625,10
2024-01-13 11:00:00,3.6170167988035757,4.625180629923586,203.0548784722222,11
2024-01-13 12:00:00,3.6623428673706995,4.521878566115961,362.94909722222224,12
2024-01-13 13:00:00,3.7054220942972464,4.4727478984758955,522.0408333333334,13
2024-01-13 14:00:00,3.7181486221578743,4.449184200025187,656.6852083333333,14
2024-01-13 15:00:00,3.6945960204927464,4.405172455904491,726.6379861111111,15
2024-01-13 16:00:00,3.660292571744565,4.3643493935032565,741.6102083333334,16
2024-01-13 17:00:00,3.6369636524746074,4.337258514897025,713.6298611111112,17
2024-01-13 18:00:00,3.6327989279094997,4.35164232386846,639.4452083333333,18
2024-01-13 19:00:00,3.6361348286063566,4.382661203176012,524.5629166666666,19
2024-01-13 20:00:00,3.6562241882746536,4.452513683328034,368.5468055555556,20
2024-01-13 21:00:00,3.6126711280131985,4.535839610121475,211.5586284722222,21
2024-01-13 22:00:00,3.4688305045369257,4.617214989179877,94.09859375,22
2024-01-13 23:00:00,3.5075331519803,4.7842393330001896,25.123617621527778,23
2024-01-14 00:00:00,3.5746203399869687,4.958318901584575,1.8084685601128472,0
2024-01-14 01:00:00,3.611350279375901,5.059436714722048,0.0001230274885892868,1
2024-01-14 02:00:00,3.610179718930044,5.091629029027496,0.0,2
2024-01-14 03:00:00,3.5769483725939337,5.0578948881391845,0.0,3
2024-01-14 04:00:00,3.529047681012974,4.992635743191931,0.0,4
2024-01-14 05:00:00,3.482418180930842,4.9221537267984194,0.0,5
2024-01-14 06:00:00,3.4491235404541274,4.864461433800761,0.0,6
2024-01-14 07:00:00,3.421403355041151,4.811876487023116,0.0,7
2024-01-14 08:00:00,3.4081383831052054,4.775579451433679,0.8341636827256944,8
2024-01-14 09:00:00,3.409813699118084,4.7450843811704395,18.678266059027777,9
2024-01-14 10:00:00,3.546779272952287,4.79984022818552,85.18743055555555,10
2024-01-14 11:00:00,3.6390033595022353,4.6985129590148995,211.6952951388889,11
2024-01-14 12:00:00,3.7399656192947583,4.678449816416867,377.2942361111111,12
2024-01-14 13:00:00,3.8243647940854513,4.692009053667947,548.4005902777777,13
2024-01-14 14:00:00,3.8880631460697335,4.743355910152567,689.5872222222222,14
2024-01-14 15:00:00,3.9109782229100944,4.765744448297461,771.1891666666667,15
2024-01-14 16:00:00,3.887047790943172,4.741514542467909,794.5211805555556,16
2024-01-14 17:00:00,3.855884361677442,4.712310991459728,754.3663888888889,17
2024-01-14 18:00:00,3.8349946177970318,4.700270340266806,669.3885416666667,18
2024-01-14 19:00:00,3.8287361907857185,4.722882210591146,541.0781597222223,19
2024-01-14 20:00:00,3.817035411440574,4.76220204421699,381.7975347222222,20
2024-01-14 21:00:00,3.7486041842011764,4.805359378210907,220.47486111111112,21
2024-01-14 22:00:00,3.6920970751944835,4.980469591812952,95.73754340277777,22
2024-01-14 23:00:00,3.731102477837859,5.180167057561401,26.068359375,23
2024-01-15 00:00:00,3.7957580649410074,5.3338092122298075,1.9109162055121527,0
2024-01-15 01:00:00,3.813364275468852,5.389432264387701,0.00011568256550365024,1
2024-01-15 02:00:00,3.804245991404072,5.384375874540924,0.0,2
2024-01-15 03:00:00,3.778352051492516,5.340315550651781,0.0,3
2024-01-15 04:00:00,3.7496638107532085,5.288710519373273,0.0,4
2024-01-15 05:00:00,3.714523010252745,5.230813915933117,0.0,5
2024-01-15 06:00:00,3.684621270035767,5.173148204645357,0.0,6
2024-01-15 07:00:00,3.651653106671458,5.109420042349171,0.0,7
2024-01-15 08:00:00,3.6122077463841995,5.0480999206870445,0.9675940619574652,8
2024-01-15 09:00:00,3.595496925020715,5.003460797971494,19.92958550347222,9
2024-01-15 10:00:00,3.6332288769327667,4.9662900829073235,89.1321875,10
2024-01-15 11:00:00,3.676717932638522,4.8396055174986925,217.88050347222222,11
2024-01-15 12:00:00,3.742651893083515,4.758934560427148,386.7236111111111,12
2024-01-15 13:00:00,3.8262915442282033,4.740979558059515,564.1682986111111,13
2024-01-15 14:00:00,3.844591492197731,4.724403741941918,694.1194444444444,14
2024-01-15 15:00:00,3.8385020958710303,4.699733097055931,781.0985416666666,15
2024-01-15 16:00:00,3.8056763414495025,4.658479248597766,800.2684722222223,16
2024-01-15 17:00:00,3.771548014852741,4.6177864256857815,778.0359722222222,17
2024-01-15 18:00:00,3.746163428779263,4.598249717727932,687.4077083333333,18
2024-01-15 19:00:00,3.71612507742637,4.589348417985874,563.6470138888889,19
2024-01-15 20:00:00,3.698321822375228,4.6154411908333195,390.10041666666666,20
2024-01-15 21:00:00,3.622715900240253,4.65426660576997,225.9142013888889,21
2024-01-15 22:00:00,3.489538469814128,4.715636518552803,97.02322048611111,22
2024-01-15 23:00:00,3.540243314147488,4.8948695726483225,24.979342447916668,23
2024-01-16 00:00:00,3.629035476974403,5.078940016661598,1.757200927734375,0
2024-01-16 01:00:00,3.6943849777484195,5.21535990389234,8.936324881182777e-05,1
2024-01-16 02:00:00,3.731621095758385,5.294849298915179,0.0,2
2024-01-16 03:00:00,3.7457776284715765,5.32598109176511,0.0,3
2024-01-16 04:00:00,3.748146076796399,5.325239394843722,0.0,4
2024-01-16 05:00:00,3.7480220656570453,5.314988072633079,0.0,5
2024-01-16 06:00:00,3.7495384038857997,5.311115771100466,0.0,6
2024-01-16 07:00:00,3.758647926936123,5.321349798761288,0.0,7
2024-01-16 08:00:00,3.7713332005109153,5.339336390505206,0.7879818386501736,8
2024-01-16 09:00:00,3.8000200719845125,5.374005974010253,19.43165581597222,9
2024-01-16 10:00:00,3.82229457982535,5.310572205806937,90.13761284722223,10
2024-01-16 11:00:00,3.940446359247623,5.2547148082303075,223.456875,11
2024-01-16 12:00:00,4.09609643670848,5.2861804058762845,401.44871527777775,12
2024-01-16 13:00:00,4.254242104110516,5.380475066555305,580.6030902777778,13
2024-01-16 14:00:00,4.38775833760938,5.516291887515671,712.5854166666667,14
2024-01-16 15:00:00,4.4515694301099495,5.585592759724416,806.7100694444445,15
2024-01-16 16:00:00,4.455195417568067,5.588469682981625,836.5876388888889,16
2024-01-16 17:00:00,4.416618471409317,5.546429722995371,794.5471527777778,17
2024-01-16 18:00:00,4.375664602523409,5.504856431772914,701.8516666666667,18
2024-01-16 19:00:00,4.354605302601836,5.499933893592881,566.9178472222222,19
2024-01-16 20:00:00,4.304675653122172,5.502686114241424,400.0515625,20
2024-01-16 21:00:00,4.144402935357586,5.474588003062079,223.52609375,21
2024-01-16 22:00:00,4.031757724642702,5.569305231706417,95.46028645833333,22
2024-01-16 23:00:00,4.002120724726499,5.63326220782731,24.591825086805557,23
2024-01-17 00:00:00,3.9886439783429375,5.667565422211696,1.8450021701388888,0
2024-01-17 01:00:00,3.9749545334045466,5.675213811586443,8.997532228628794e-05,1
2024-01-17 02:00:00,3.94769367656806,5.652587561285461,0.0,2
2024-01-17 03:00:00,3.9007641976525513,5.590666800709621,0.0,3
2024-01-17 04:00:00,3.850737459270151,5.510345035922314,0.0,4
2024-01-17 05:00:00,3.8099848297307557,5.431701123400034,0.0,5
2024-01-17 06:00:00,3.7747703473295586,5.36315884685752,0.0,6
2024-01-17 07:00:00,3.75165957367146,5.309013057498671,0.0,7
2024-01-17 08:00:00,3.745429338634097,5.2681870309071055,0.7910318332248264,8
2024-01-17 09:00:00,3.755204860549083,5.242087732920721,18.821009114583333,9
2024-01-17 10:00:00,3.832564922464528,5.2261168908940885,86.67215277777778,10
2024-01-17 11:00:00,3.8973051975172295,5.110847259901508,216.29725694444446,11
2024-01-17 12:00:00,3.9996927314536865,5.066601952800665,384.32,12
2024-01-17 13:00:00,4.109083913960352,5.103392580492455,556.0202777777778,13
2024-01-17 14:00:00,4.193335513970609,5.176696690277994,685.5693055555555,14
2024-01-17 15:00:00,4.203842555400513,5.177346723394918,772.3910416666666,15
2024-01-17 16:00:00,4.165221611493027,5.121375277946567,786.7259722222223,16
2024-01-17 17:00:00,4.102188001952442,5.041922045688315,750.1063194444445,17
2024-01-17 18:00:00,4.0346700341321835,4.957354673042184,666.8527083333333,18
2024-01-17 19:00:00,3.998444927942718,4.9268081150221965,531.4398263888888,19
2024-01-17 20:00:00,3.945795183546425,4.900488161183373,372.5619097222222,20
2024-01-17 21:00:00,3.796559495528286,4.859771799334851,209.9920138888889,21
2024-01-17 22:00:00,3.671773212475279,4.927257284370174,87.422265625,22
2024-01-17 23:00:00,3.6253635643254123,4.99333223079991,22.50685546875,23
2024-01-18 00:00:00,3.6437833050695074,5.057069766770855,1.5473216417100695,0
2024-01-18 01:00:00,3.6504502029000054,5.079923018031226,6.549224257469177e-05,1
2024-01-18 02:00:00,3.6311135169065536,5.057710980325399,0.0,2
2024-01-18 03:00:00,3.607796703863214,5.021435758252833,0.0,3
2024-01-18 04:00:00,3.5817993096844623,4.9780831025447165,0.0,4
2024-01-18 05:00:00,3.565672315299827,4.948882888951897,0.0,5
2024-01-18 06:00:00,3.5468740032936266,4.912449030565021,0.0,6
2024-01-18 07:00:00,3.532650441969204,4.880306923847662,0.0,7
2024-01-18 08:00:00,3.531891982134582,4.859935451480943,0.6806792534722222,8
2024-01-18 09:00:00,3.5292445108185753,4.828389164544881,17.074205729166668,9
2024-01-18 10:00:00,3.6637692517219103,4.875363154716797,82.09961805555555,10
2024-01-18 11:00:00,3.7372359355399576,4.773406228294638,208.15633680555555,11
2024-01-18 12:00:00,3.806953913618138,4.731606493230761,376.1061111111111,12
2024-01-18 13:00:00,3.8800405728116734,4.731736100538665,539.8865972222222,13
2024-01-18 14:00:00,3.9355325650890056,4.770803054199437,675.1657638888889,14
2024-01-18 15:00:00,3.933378205282661,4.753273429922247,754.2539583333333,15
2024-01-18 16:00:00,3.8934211497707527,4.6981252436410506,767.6511111111112,16
2024-01-18 17:00:00,3.845997647875585,4.6423700284014915,746.1498611111111,17
2024-01-18 18:00:00,3.809229079084919,4.602922879129356,667.0666666666667,18
2024-01-18 19:00:00,3.799019889711808,4.60577721947064,528.8431944444444,19
2024-01-18 20:00:00,3.7928182500393657,4.636870783437117,372.3640277777778,20
2024-01-18 21:00:00,3.7271531637587563,4.685440618142752,215.6403125,21
2024-01-18 22:00:00,3.7032658886558756,4.894750092090698,91.53050347222222,22
2024-01-18 23:00:00,3.7098395626722223,5.045728449016091,23.582632378472223,23
2024-01-19 00:00:00,3.7591614581959822,5.165999040480922,1.730966796875,0
2024-01-19 01:00:00,3.764073444644326,5.2009727467100655,6.181978103187349e-05,1
2024-01-19 02:00:00,3.743014642611037,5.194093436097397,0.0,2
2024-01-19 03:00:00,3.69319950649949,5.13350714297199,0.0,3
2024-01-19 04:00:00,3.6361966500090563,5.060178176474754,0.0,4
2024-01-19 05:00:00,3.587877818057544,4.984509985053596,0.0,5
2024-01-19 06:00:00,3.542949017629498,4.913126831681048,0.0,6
2024-01-19 07:00:00,3.50686164336701,4.848818762623743,0.0,7
2024-01-19 08:00:00,3.480147675529065,4.802867363105393,0.5682094997829861,8
2024-01-19 09:00:00,3.46076312476505,4.755041472263261,15.374814453125,9
2024-01-19 10:00:00,3.5527452526191627,4.766007685197333,76.27815972222223,10
2024-01-19 11:00:00,3.5916140987797944,4.642024731985205,196.96564236111112,11
2024-01-19 12:00:00,3.659376191431704,4.561585031614526,360.3931944444444,12
2024-01-19 13:00:00,3.723137885220499,4.549131590393755,525.9340625,13
2024-01-19 14:00:00,3.74076477889499,4.53841061110885,664.2323611111111,14
2024-01-19 15:00:00,3.723396615244267,4.503778260538211,746.3893055555556,15
2024-01-19 16:00:00,3.684353469517596,4.45318499127738,770.1405555555556,16
2024-01-19 17:00:00,3.646254984774189,4.412441658220819,745.0169444444444,17
2024-01-19 18:00:00,3.623360788967682,4.398570466146517,655.4458333333333,18
2024-01-19 19:00:00,3.6047950520152816,4.397802375580846,528.3937847222222,19
2024-01-19 20:00:00,3.5890845932341335,4.421715020922654,374.9995833333333,20
2024-01-19 21:00:00,3.5406116341602574,4.473037285131449,217.82539930555555,21
2024-01-19 22:00:00,3.507622983631459,4.680327355357787,92.52307291666666,22
2024-01-19 23:00:00,3.533260268693879,4.844342329667751,24.775496961805555,23
2024-01-20 00:00:00,3.5950654209802484,4.986798057604773,1.7657602267795138,0
2024-01-20 01:00:00,3.6224332089454747,5.05864120088875,4.5905779633257125e-05,1
2024-01-20 02:00:00,3.6161378699183433,5.070100150636684,0.0,2
2024-01-20 03:00:00,3.5879409708138756,5.0371020572487115,0.0,3
2024-01-20 04:00:00,3.5529923347944576,4.987951885544858,0.0,4
2024-01-20 05:00:00,3.5163165445912545,4.927501017660019,0.0,5
2024-01-20 06:00:00,3.4841723873990333,4.870618840188097,0.0,6
2024-01-20 07:00:00,3.474459558137644,4.84276934066649,0.0,7
2024-01-20 08:00:00,3.469117184782638,4.8215228685401685,0.5052261352539062,8
2024-01-20 09:00:00,3.482078141906788,4.81594249505391,14.872889539930556,9
2024-01-20 10:00:00,3.6198808992443614,4.917356187388762,76.51017361111111,10
2024-01-20 11:00:00,3.6933325685424263,4.795613280234073,198.08935763888888,11
2024-01-20 12:00:00,3.763765580804258,4.7165082206278734,366.0942361111111,12
2024-01-20 13:00:00,3.829113562763538,4.6957010235679375,537.3009375,13
2024-01-20 14:00:00,3.8789715993586498,4.730260939317541,664.9271527777778,14
2024-01-20 15:00:00,3.909631409841474,4.762070527807482,757.204375,15
2024-01-20 16:00:00,3.935475545502019,4.7958555777904674,782.6066666666667,16
2024-01-20 17:00:00,3.973647324784136,4.849869827064728,745.41625,17
2024-01-20 18:00:00,3.9914112938055095,4.884208746627342,660.213125,18
2024-01-20 19:00:00,4.006066736120807,4.92940653630593,531.2202430555556,19
2024-01-20 20:00:00,4.013099892881677,4.981022417765976,376.14145833333333,20
2024-01-20 21:00:00,3.9538158350152295,5.036915016496695,218.87717013888889,21
2024-01-20 22:00:00,3.787207950049758,5.071117128409422,94.45038194444444,22
2024-01-20 23:00:00,3.8052681712740366,5.219196765999617,24.310347222222223,23
2024-01-21 00:00:00,3.8817753281547223,5.366967162931166,1.6522763400607638,0
2024-01-21 01:00:00,3.9134850096119957,5.446054716171542,3.733670132027732e-05,1
2024-01-21 02:00:00,3.9277374292223364,5.477202159364966,0.0,2
2024-01-21 03:00:00,3.920538418262571,5.463898397485527,0.0,3
2024-01-21 04:00:00,3.903193360994815,5.434402828441354,0.0,4
2024-01-21 05:00:00,3.8750160384055166,5.382106641214768,0.0,5
2024-01-21 06:00:00,3.8512845712253516,5.33386472662706,0.0,6
2024-01-21 07:00:00,3.8447196574434366,5.297998697929621,0.0,7
2024-01-21 08:00:00,3.8443393769419583,5.282421779449619,0.5104643079969619,8
2024-01-21 09:00:00,3.860423209831849,5.280783040124717,15.000960286458334,9
2024-01-21 10:00:00,3.9570822620628143,5.296807126203036,73.46197916666667,10
2024-01-21 11:00:00,4.048175706553937,5.2164903142572605,189.8642361111111,11
2024-01-21 12:00:00,4.134125343641127,5.157778388330544,348.2889583333333,12
2024-01-21 13:00:00,4.195149732669228,5.130789004803487,513.7171180555556,13
2024-01-21 14:00:00,4.220603859012144,5.122242010430437,647.820625,14
2024-01-21 15:00:00,4.214063537237335,5.098338816082025,728.5361111111112,15
2024-01-21 16:00:00,4.212388611304985,5.08746518623141,748.36125,16
2024-01-21 17:00:00,4.214467035120519,5.09507902827062,734.9047222222222,17
2024-01-21 18:00:00,4.23581304501211,5.130718758473489,647.8809027777778,18
2024-01-21 19:00:00,4.265622540648749,5.196698603906653,520.1691319444444,19
2024-01-21 20:00:00,4.3056368327231915,5.304503358897028,369.85368055555557,20
2024-01-21 21:00:00,4.243409232551097,5.362446225112062,211.64541666666668,21
2024-01-21 22:00:00,4.16358670317181,5.502133063989889,90.36977430555555,22
2024-01-21 23:00:00,4.172056823714224,5.625728475404823,23.31593315972222,23
2024-01-22 00:00:00,4.199510758405986,5.701646679561441,1.6317679850260416,0
2024-01-22 01:00:00,4.182981030626449,5.68710428475148,2.4483081781201893e-05,1
2024-01-22 02:00:00,4.145221218901074,5.636504066292034,0.0,2
2024-01-22 03:00:00,4.101341996398157,5.574454101337801,0.0,3
2024-01-22 04:00:00,4.063820009362499,5.517807431043035,0.0,4
2024-01-22 05:00:00,4.036876897866034,5.477911734011066,0.0,5
2024-01-22 06:00:00,4.021054831838654,5.447444174879853,0.0,6
2024-01-22 07:00:00,4.004299968222402,5.4167711980046285,0.0,7
2024-01-22 08:00:00,4.008317457738909,5.4158497615539885,0.3793206787109375,8
2024-01-22 09:00:00,4.00477355936544,5.4025451162646005,13.764532335069445,9
2024-01-22 10:00:00,4.071320650866029,5.393472430566388,72.4919140625,10
2024-01-22 11:00:00,4.14175985193161,5.305124845037322,189.53399305555556,11
2024-01-22 12:00:00,4.207080410512017,5.2381114300040945,346.01961805555555,12
2024-01-22 13:00:00,4.268898718984772,5.217021404944768,499.73805555555555,13
2024-01-22 14:00:00,4.303906029707333,5.215189485512284,627.2227777777778,14
2024-01-22 15:00:00,4.320692554658634,5.222035020409621,709.96375,15
2024-01-22 16:00:00,4.331923198494198,5.234194997433131,737.7288194444444,16
2024-01-22 17:00:00,4.351920806495193,5.26762719520291,712.4224305555556,17
2024-01-22 18:00:00,4.392056996824549,5.335794856980472,639.7190972222222,18
2024-01-22 19:00:00,4.434405480980446,5.430029695627069,506.20899305555554,19
2024-01-22 20:00:00,4.450675018565857,5.513575449482361,361.45524305555557,20
2024-01-22 21:00:00,4.378757434008046,5.548042068729309,206.67430555555555,21
2024-01-22 22:00:00,4.265496289793168,5.679847520318851,90.60232638888888,22
2024-01-22 23:00:00,4.215727543935022,5.725645167734019,24.031006944444446,23
2024-01-23 00:00:00,4.189368712267335,5.71885883677939,1.5562076822916666,0
2024-01-23 01:00:00,4.1639819992429095,5.6852434487499535,1.6526080047090847e-05,1
2024-01-23 02:00:00,4.1291341814635025,5.641250048334818,0.0,2
2024-01-23 03:00:00,4.09410783656848,5.59746682808818,0.0,3
2024-01-23 04:00:00,4.0606501655471945,5.552506796791181,0.0,4
2024-01-23 05:00:00,4.031550682424935,5.511344073574587,0.0,5
2024-01-23 06:00:00,4.004604157305709,5.477978097226396,0.0,6
2024-01-23 07:00:00,3.987351149617127,5.4534276513784645,0.0,7
2024-01-23 08:00:00,3.972846030740178,5.4264138170565035,0.332687750922309,8
2024-01-23 09:00:00,3.9669057334397793,5.404076957392435,14.206207682291666,9
2024-01-23 10:00:00,4.006335281028459,5.340435890709703,71.17162326388889,10
2024-01-23 11:00:00,4.1083154070301084,5.273760151566095,183.53586805555557,11
2024-01-23 12:00:00,4.2018942254354466,5.228446964416022,336.4532986111111,12
2024-01-23 13:00:00,4.26743025289223,5.213407216168888,491.39489583333335,13
2024-01-23 14:00:00,4.2805589024725075,5.186241373763735,619.7338888888889,14
2024-01-23 15:00:00,4.279785205235374,5.168294806516866,703.2636111111111,15
2024-01-23 16:00:00,4.282348180500914,5.168645830515059,720.0789583333334,16
2024-01-23 17:00:00,4.2971482160417676,5.188960981982955,691.6254861111111,17
2024-01-23 18:00:00,4.330753898090114,5.255708887061402,614.3057638888889,18
2024-01-23 19:00:00,4.37239078351015,5.336939326313937,493.68833333333333,19
2024-01-23 20:00:00,4.389764055659396,5.4188203577708265,356.47517361111113,20
2024-01-23 21:00:00,4.318954623734489,5.454425844606255,208.2098263888889,21
2024-01-23 22:00:00,4.191833413001315,5.556462727140038,93.61411458333333,22
2024-01-23 23:00:00,4.123258873440204,5.603976031960872,25.02566623263889,23
2024-01-24 00:00:00,4.093432964109703,5.611955669855338,1.4971900770399305,0
2024-01-24 01:00:00,4.059290749332932,5.581466762514947,4.284539415190617e-06,1
2024-01-24 02:00:00,4.001633723959017,5.514421274457631,0.0,2
2024-01-24 03:00:00,3.9288776927047016,5.415619408828455,0.0,3
2024-01-24 04:00:00,3.858190808951529,5.327817223648698,0.0,4
2024-01-24 05:00:00,3.816044016141695,5.276469951979006,0.0,5
2024-01-24 06:00:00,3.782517855870784,5.238081626877358,0.0,6
2024-01-24 07:00:00,3.765556920560251,5.209278124427019,0.0,7
2024-01-24 08:00:00,3.7615104320353154,5.193399754889461,0.3819103664822049,8
2024-01-24 09:00:00,3.7693646430245837,5.186419162041029,12.763991970486112,9
2024-01-24 10:00:00,3.9195216315067554,5.242759106651543,67.92034288194445,10
2024-01-24 11:00:00,4.054748291867504,5.203201149754635,177.3633159722222,11
2024-01-24 12:00:00,4.146370575221946,5.168618529974414,333.0551041666667,12
2024-01-24 13:00:00,4.185605353015098,5.104785315307011,493.2897222222222,13
2024-01-24 14:00:00,4.192988297553573,5.0706251490113505,616.7858333333334,14
2024-01-24 15:00:00,4.209839380429343,5.073908308420857,689.60625,15
2024-01-24 16:00:00,4.247623988486151,5.121767225028958,715.0698611111111,16
2024-01-24 17:00:00,4.284623350121569,5.17567281829827,693.5150694444444,17
2024-01-24 18:00:00,4.330818249671286,5.255631836229882,625.8076388888888,18
2024-01-24 19:00:00,4.377960154441122,5.346463325339322,498.43131944444445,19
2024-01-24 20:00:00,4.397803241742158,5.431926167945362,354.97802083333335,20
2024-01-24 21:00:00,4.313080971143081,5.460310849849202,212.06019097222222,21
2024-01-24 22:00:00,4.186172781160318,5.5932485458612975,97.46894097222223,22
2024-01-24 23:00:00,4.110132133850415,5.632325352545239,25.686024305555556,23
2024-01-25 00:00:00,4.098083476396765,5.6593076564217775,1.5970033094618055,0
2024-01-25 01:00:00,4.077681648414978,5.65330657691499,6.120770445300473e-06,1
2024-01-25 02:00:00,4.0361806325633305,5.6155780910784445,0.0,2
2024-01-25 03:00:00,3.974475022533133,5.543213087922054,0.0,3
2024-01-25 04:00:00,3.9209940516396298,5.474720520680822,0.0,4
2024-01-25 05:00:00,3.8725606099233163,5.40642276953734,0.0,5
2024-01-25 06:00:00,3.832233209949304,5.341680332575149,0.0,6
2024-01-25 07:00:00,3.8121017344586154,5.302073317343751,0.0,7
2024-01-25 08:00:00,3.814870693380796,5.290900808341888,0.25932908799913196,8
2024-01-25 09:00:00,3.8364993297414003,5.30422235368577,11.365029296875,9
2024-01-25 10:00:00,3.951203804645812,5.3488930904788665,62.674418402777775,10
2024-01-25 11:00:00,4.061384860306687,5.288101514771641,165.95715277777776,11
2024-01-25 12:00:00,4.120575676495109,5.1830496766787,315.4380208333333,12
2024-01-25 13:00:00,4.164876857087526,5.1134383450649175,468.24111111111114,13
2024-01-25 14:00:00,4.2058899333382715,5.108724684893506,593.2291666666666,14
2024-01-25 15:00:00,4.241457708339314,5.135143730158432,671.7224305555555,15
2024-01-25 16:00:00,4.273642696586453,5.176148381596145,704.4577777777778,16
2024-01-25 17:00:00,4.2946014718336345,5.212106660151168,694.60875,17
2024-01-25 18:00:00,4.314031769368167,5.251698402545185,610.3151388888889,18
2024-01-25 19:00:00,4.320379761792438,5.295813298785297,502.33753472222224,19
2024-01-25 20:00:00,4.312279881191451,5.34442112431322,357.7698611111111,20
2024-01-25 21:00:00,4.2282614090041015,5.391096132137053,212.59836805555557,21
2024-01-25 22:00:00,4.119903297421144,5.544788021085903,94.80020833333333,22
2024-01-25 23:00:00,4.0875186471835026,5.6419732246150724,24.78968532986111,23
2024-01-26 00:00:00,4.109513667596756,5.724928619391007,1.4972205946180555,0
2024-01-26 01:00:00,4.121827672757432,5.758948163972156,2.4483081263800463e-06,1
2024-01-26 02:00:00,4.107062043213057,5.75022660711636,0.0,2
2024-01-26 03:00:00,4.081198973995564,5.716612873762213,0.0,3
2024-01-26 04:00:00,4.033674314320955,5.650986211609405,0.0,4
2024-01-26 05:00:00,3.9866895668921325,5.58025042794485,0.0,5
2024-01-26 06:00:00,3.941562197778357,5.5069435180757145,0.0,6
2024-01-26 07:00:00,3.9167547461493366,5.4594372026486635,0.0,7
2024-01-26 08:00:00,3.909599028066012,5.435640761685887,0.31286441379123264,8
2024-01-26 09:00:00,3.9183039231451877,5.434202164095812,11.815780164930555,9
2024-01-26 10:00:00,4.01996349446859,5.451124443926433,62.616961805555555,10
2024-01-26 11:00:00,4.122927035162061,5.35773498014074,169.30685763888889,11
2024-01-26 12:00:00,4.193494289514928,5.279400301534012,320.1330902777778,12
2024-01-26 13:00:00,4.219987578674426,5.202594063073141,470.27440972222223,13
2024-01-26 14:00:00,4.214260310901047,5.133176689328193,596.8796527777778,14
2024-01-26 15:00:00,4.2005710163049255,5.092535681659079,690.9561111111111,15
2024-01-26 16:00:00,4.217422651397138,5.105195810644244,713.7672916666667,16
2024-01-26 17:00:00,4.241570466396408,5.146310719610974,702.2048611111111,17
2024-01-26 18:00:00,4.279725335126822,5.21177434522685,628.6340972222222,18
2024-01-26 19:00:00,4.316053575647526,5.294606868659512,506.45131944444444,19
2024-01-26 20:00:00,4.315757974531028,5.367964579428054,360.9135416666667,20
2024-01-26 21:00:00,4.2531623275106725,5.432376349323134,212.22972222222222,21
2024-01-26 22:00:00,4.106367697868774,5.512227309849841,97.64168402777777,22
2024-01-26 23:00:00,4.088778566243033,5.651850746389607,25.79783203125,23
2024-01-27 00:00:00,4.129659653633164,5.767516769920213,1.5614935980902778,0
2024-01-27 01:00:00,4.129804007861485,5.801005828751742,0.0,1
2024-01-27 02:00:00,4.100013090823324,5.780044689203163,0.0,2
2024-01-27 03:00:00,4.051016821195002,5.711618553341341,0.0,3
2024-01-27 04:00:00,4.003106749034362,5.638929023742008,0.0,4
2024-01-27 05:00:00,3.954137550451687,5.554934939417742,0.0,5
2024-01-27 06:00:00,3.91393305074341,5.4783993547341465,0.0,6
2024-01-27 07:00:00,3.8857893570343536,5.417005625291441,0.0,7
2024-01-27 08:00:00,3.8680117617492744,5.372217840058484,0.3867861599392361,8
2024-01-27 09:00:00,3.860401751711619,5.336734312586563,12.912839626736112,9
2024-01-27 10:00:00,3.914312139446501,5.323297487852974,62.33648871527778,10
2024-01-27 11:00:00,3.9730806209615896,5.209910351236051,168.07501736111112,11
2024-01-27 12:00:00,4.039580063495883,5.089939340008357,321.15708333333333,12
2024-01-27 13:00:00,4.047635465692736,4.986408648493157,477.7559027777778,13
2024-01-27 14:00:00,4.013229440299467,4.8945489190209335,607.3830555555555,14
2024-01-27 15:00:00,3.9561906930199098,4.808413047354421,699.323125,15
2024-01-27 16:00:00,3.912668713440548,4.750200164338748,722.3198611111111,16
2024-01-27 17:00:00,3.881378492826963,4.717803781295273,701.5244444444445,17
2024-01-27 18:00:00,3.855094805588552,4.702351792646009,622.1900694444445,18
2024-01-27 19:00:00,3.8496143901102697,4.722092584591836,504.9247569444444,19
2024-01-27 20:00:00,3.8250035526838553,4.7552528460397285,362.6018402777778,20
2024-01-27 21:00:00,3.7580624520282635,4.798061070704584,210.93550347222222,21
2024-01-27 22:00:00,3.6801514945870575,4.9319576600665105,95.87572916666667,22
2024-01-27 23:00:00,3.6757039749857787,5.084420612071188,24.052493489583334,23
2024-01-28 00:00:00,3.717545685340489,5.21767428244654,1.3249576822916667,0
2024-01-28 01:00:00,3.7264097591788485,5.281758408835761,0.0,1
2024-01-28 02:00:00,3.7013770048711834,5.279828868276034,0.0,2
2024-01-28 03:00:00,3.6442917573894924,5.213684307132074,0.0,3
2024-01-28 04:00:00,3.56899293553001,5.11175333438966,0.0,4
2024-01-28 05:00:00,3.4866337622505994,4.985945290051898,0.0,5
2024-01-28 06:00:00,3.411787784831188,4.870418051078998,0.0,6
2024-01-28 07:00:00,3.3596124024789735,4.777549489436143,0.0,7
2024-01-28 08:00:00,3.3313498687246663,4.722173083859602,0.40494466145833335,8
2024-01-28 09:00:00,3.3281481129277957,4.693417584441394,13.243811848958334,9
2024-01-28 10:00:00,3.4468434560662846,4.773728953693268,65.0116796875,10
2024-01-28 11:00:00,3.5032636687628895,4.6515235785042615,174.62336805555555,11
2024-01-28 12:00:00,3.5569077480657834,4.494279440652207,330.54305555555555,12
2024-01-28 13:00:00,3.5947741052963442,4.434545375281913,492.42600694444445,13
2024-01-28 14:00:00,3.630947359059278,4.443334122055901,633.4269444444444,14
2024-01-28 15:00:00,3.630757527559776,4.429163448333207,714.6992361111111,15
2024-01-28 16:00:00,3.60099776623346,4.389300714794983,742.9653472222222,16
2024-01-28 17:00:00,3.565643665041735,4.3495563180870604,717.8375,17
2024-01-28 18:00:00,3.5424669861691442,4.326981538722951,633.4768055555555,18
2024-01-28 19:00:00,3.5208793320718828,4.326885945180808,505.64916666666664,19
2024-01-28 20:00:00,3.4875910936509165,4.335693438160086,360.8442361111111,20
2024-01-28 21:00:00,3.4047821392426982,4.356945686549032,210.62423611111112,21
2024-01-28 22:00:00,3.330085798057309,4.5090911324281535,96.08414930555556,22
2024-01-28 23:00:00,3.3556428578010915,4.699309511098773,24.529928385416667,23
2024-01-29 00:00:00,3.3895498433432913,4.832590111709733,1.4069068739149306,0
2024-01-29 01:00:00,3.3912023096273844,4.890291396088263,0.0,1
2024-01-29 02:00:00,3.360500321839482,4.8790793748839345,0.0,2
2024-01-29 03:00:00,3.3020939200052064,4.816712941467206,0.0,3
2024-01-29 04:00:00,3.2313674454789005,4.725379572740048,0.0,4
2024-01-29 05:00:00,3.174591806446184,4.642967960213578,0.0,5
2024-01-29 06:00:00,3.1272430940145757,4.5666824493462554,0.0,6
2024-01-29 07:00:00,3.09225021077817,4.50719940748654,0.0,7
2024-01-29 08:00:00,3.06432578625691,4.457038921245732,0.36723581949869794,8
2024-01-29 09:00:00,3.0570289525146603,4.4292194469857655,13.373588324652777,9
2024-01-29 10:00:00,3.1006451450769417,4.331941627294406,68.99694878472222,10
2024-01-29 11:00:00,3.1699324381727587,4.2280830176810795,183.4456423611111,11
2024-01-29 12:00:00,3.213674095437829,4.045450434586664,350.0798611111111,12
2024-01-29 13:00:00,3.227211643739537,3.958315123814349,523.9062152777777,13
2024-01-29 14:00:00,3.2266087782813364,3.918440313398428,659.6566666666666,14
2024-01-29 15:00:00,3.221150824896447,3.8998847517196777,751.3684722222222,15
2024-01-29 16:00:00,3.1759183309036163,3.8367983572857054,778.0461805555556,16
2024-01-29 17:00:00,3.142243695990254,3.7930888668383447,745.3401388888889,17
2024-01-29 18:00:00,3.096025372449715,3.7447520601706605,654.2871527777778,18
2024-01-29 19:00:00,3.0693674609359367,3.730607441070968,529.0350694444444,19
2024-01-29 20:00:00,3.0525964322755055,3.758583698827506,379.57128472222223,20
2024-01-29 21:00:00,2.9689956234841084,3.7869721449165317,224.94899305555555,21
2024-01-29 22:00:00,2.9374862735292613,3.956669555141861,97.7453125,22
2024-01-29 23:00:00,2.9787153160189384,4.140537241820606,25.08030815972222,23
2024-01-30 00:00:00,3.0309247451311023,4.278067995955476,1.4133949110243056,0
2024-01-30 01:00:00,3.039494040225891,4.336832509967011,0.0,1
2024-01-30 02:00:00,3.0208136138886372,4.337365715955779,0.0,2
2024-01-30 03:00:00,2.979758116039019,4.297229428820445,0.0,3
2024-01-30 04:00:00,2.9286212621764216,4.235225706110289,0.0,4
2024-01-30 05:00:00,2.880561006540309,4.164523171501233,0.0,5
2024-01-30 06:00:00,2.8465192042848964,4.102324527301689,0.0,6
2024-01-30 07:00:00,2.8254675581606716,4.057020757167538,0.0,7
2024-01-30 08:00:00,2.8064000410012286,4.017708857540555,0.25798985799153645,8
2024-01-30 09:00:00,2.808987959782975,4.000618145572082,12.998082682291667,9
2024-01-30 10:00:00,2.807505668421604,3.895937672833091,72.96039930555555,10
2024-01-30 11:00:00,2.8366645045532124,3.786846625454316,195.68701388888888,11
2024-01-30 12:00:00,2.867555800345432,3.618676796861793,376.2521527777778,12
2024-01-30 13:00:00,2.945592914980709,3.596242001063116,552.9822222222223,13
2024-01-30 14:00:00,3.025061818597273,3.6532842134908883,689.1620833333334,14
2024-01-30 15:00:00,3.0695916611916343,3.6950178474337796,789.7127083333334,15
2024-01-30 16:00:00,3.072968597646741,3.694892480795281,813.3518055555555,16
2024-01-30 17:00:00,3.0607764765813057,3.6779764895370515,775.8430555555556,17
2024-01-30 18:00:00,3.0578176840234903,3.6870250659742823,698.9863194444445,18
2024-01-30 19:00:00,3.0643619372344983,3.7153660098151113,567.1024305555555,19
2024-01-30 20:00:00,3.064860888964945,3.764157778614598,397.6995138888889,20
2024-01-30 21:00:00,2.9968516164768952,3.8272607847956475,226.49152777777778,21
2024-01-30 22:00:00,2.9893826743234846,4.077594939379095,95.88438368055556,22
2024-01-30 23:00:00,3.0297990042137095,4.267971833994886,23.421968315972222,23
2024-01-31 00:00:00,3.0776521058891175,4.398618450026465,1.3415363226996528,0
2024-01-31 01:00:00,3.0882476836595267,4.454992768298893,0.0,1
2024-01-31 02:00:00,3.059922574311407,4.436148218395757,0.0,2
2024-01-31 03:00:00,3.02082638017271,4.3833041248367905,0.0,3
2024-01-31 04:00:00,2.9737174113818567,4.313114905087071,0.0,4
2024-01-31 05:00:00,2.93173938082357,4.242380606342158,0.0,5
2024-01-31 06:00:00,2.9018080253408143,4.182939815530284,0.0,6
2024-01-31 07:00:00,2.872934022218005,4.1242456099134825,0.0,7
2024-01-31 08:00:00,2.855739738759539,4.08384791418376,0.3081226603190104,8
2024-01-31 09:00:00,2.8398706200633317,4.040185016670667,13.754401041666666,9
2024-01-31 10:00:00,2.8814567239928883,4.038077596832472,74.57788194444444,10
2024-01-31 11:00:00,2.86572219340997,3.822716008985582,201.1487673611111,11
2024-01-31 12:00:00,2.907264042800221,3.6377500515132337,379.5304513888889,12
2024-01-31 13:00:00,2.981122386387466,3.6389070202278453,554.8690972222222,13
2024-01-31 14:00:00,3.035348425736958,3.670497680352846,705.4728472222222,14
2024-01-31 15:00:00,3.0377880869721303,3.6564960334776373,800.0499305555555,15
2024-01-31 16:00:00,3.0356417993059486,3.64202567796751,831.2232638888889,16
2024-01-31 17:00:00,3.0166344686467506,3.6147940879249667,781.978125,17
2024-01-31 18:00:00,3.0141685097667414,3.621766638549028,696.5529861111111,18
2024-01-31 19:00:00,3.0256807366288196,3.6653347435672368,556.3225,19
2024-01-31 20:00:00,3.050050876971574,3.7594257416511776,392.1719097222222,20
2024-01-31 21:00:00,3.0101536592413862,3.8684706232649924,217.82357638888888,21
2024-01-31 22:00:00,3.0208749085429334,4.167302013702067,90.51276909722222,22
2024-01-31 23:00:00,3.0313795143569355,4.322861701324537,22.758702256944446,23
